,PLAYER_ID,POSITION,HEIGHT,WEIGHT
0,920,Forward,6-9,225.0
1,275,Guard,6-6,205.0
2,947,Guard,6-0,165.0
3,297,Center,6-10,261.0
4,457,Center,6-11,275.0
5,358,Forward,6-7,215.0
6,193,Forward,6-8,255.0
7,324,Guard,6-4,208.0
8,952,Forward,6-9,245.0
9,213,Forward-Center,6-9,245.0
10,686,Forward-Center,6-9,245.0
11,288,Forward,6-9,260.0
12,717,Center,7-3,292.0
13,422,Guard,5-11,185.0
14,769,Guard,6-2,185.0
15,182,Forward-Guard,6-9,225.0
16,902,Guard,6-2,182.0
17,898,Forward,6-4,200.0
18,448,Forward,6-8,220.0
19,682,Guard,6-5,200.0
20,184,Guard,6-5,210.0
21,258,Forward-Center,6-9,254.0
22,216,Guard,6-6,200.0
23,735,Center,7-0,290.0
24,179,Guard,6-5,210.0
25,935,Guard-Forward,6-7,225.0
26,433,Forward,6-8,225.0
27,384,Guard-Forward,6-7,210.0
28,61,,,
29,435,Forward-Center,6-11,232.0
30,76,Forward,6-7,220.0
31,787,Forward,6-6,252.0
32,891,Forward,6-9,245.0
33,369,Guard,6-2,185.0
34,164,Guard,6-3,195.0
35,201,Center,6-11,260.0
36,423,Forward,,
37,168,Forward,6-7,220.0
38,904,Forward,,
39,185,Forward-Center,6-10,245.0
40,363,Forward-Center,6-11,245.0
41,221,Forward,6-7,270.0
42,361,Forward-Center,6-10,245.0
43,17,Guard,6-7,222.0
44,722,Forward,6-7,245.0
45,905,Center-Forward,6-11,252.0
46,107,Guard,6-7,205.0
47,757,Guard,5-10,171.0
48,105,Guard-Forward,6-6,222.0
49,344,Guard,5-11,165.0
50,198,Forward,6-10,235.0
51,330,Forward-Center,6-10,234.0
52,239,Guard,5-11,170.0
53,764,Center,7-1,250.0
54,133,Guard,6-1,203.0
55,1051,Center,6-11,250.0
56,244,Guard,,
57,209,Guard-Forward,6-5,205.0
58,23,Forward,6-7,210.0
59,192,Forward,6-8,229.0
60,157,Guard,6-4,206.0
61,400,Forward,6-9,240.0
62,934,Forward,6-10,270.0
63,365,Forward,6-10,241.0
64,96,Forward,6-10,235.0
65,87,Center,7-2,260.0
66,129,Center,6-11,225.0
67,1122,Forward,6-8,230.0
68,57,Guard-Forward,6-6,205.0
69,28,Guard,,
70,224,Guard-Forward,6-6,200.0
71,922,Center-Forward,7-0,279.0
72,376,Center,7-0,270.0
73,677,Guard-Forward,6-8,220.0
74,1065,Guard,6-3,218.0
75,911,Center,6-11,245.0
76,280,Center,7-0,290.0
77,56,Guard,6-4,190.0
78,718,Forward,6-8,250.0
79,248,Forward,6-8,235.0
80,45,Forward,6-8,230.0
81,786,Guard,6-6,185.0
82,49,Center,7-7,303.0
83,779,Forward-Guard,6-8,228.0
84,299,Forward,6-7,240.0
85,255,Forward,6-8,225.0
86,246,Center-Forward,6-10,250.0
87,21,Guard,6-1,180.0
88,65,Guard,6-6,210.0
89,731,Center,7-2,280.0
90,165,Center,7-0,255.0
91,265,Forward,6-9,225.0
92,906,Guard,6-2,180.0
93,765,Guard,6-3,200.0
94,270,Center,6-10,245.0
95,73,Center,6-11,245.0
96,1134,Center,6-10,288.0
97,375,Guard,,
98,469,Forward,6-8,247.0
99,467,Guard,6-4,210.0
100,420,Forward,6-9,240.0
101,204,Guard,6-4,190.0
102,760,,,
103,711,Forward,6-6,218.0
104,754,Forward-Guard,6-6,220.0
105,247,Guard,6-3,195.0
106,693,Forward-Center,6-10,225.0
107,317,Guard,6-5,190.0
108,304,Guard,6-1,175.0
109,271,Forward,6-7,210.0
110,436,Forward,6-9,250.0
111,252,Forward,6-9,259.0
112,173,Forward-Guard,6-8,215.0
113,383,Guard,6-5,216.0
114,72,Guard,6-1,168.0
115,954,Guard,6-5,185.0
116,708,Forward,6-11,240.0
117,134,Guard,6-1,190.0
118,788,Center-Forward,7-0,245.0
119,234,Guard,6-3,199.0
120,703,Forward,6-9,240.0
121,111,Forward,6-8,240.0
122,913,Forward,6-7,235.0
123,84,Guard,6-5,195.0
124,195,Guard,6-1,172.0
125,283,Guard,6-2,195.0
126,953,Forward-Center,6-11,255.0
127,919,Forward-Center,6-9,240.0
128,26,Center,,
129,51,Guard,6-1,162.0
130,907,Guard-Forward,6-8,200.0
131,948,Center-Forward,6-11,240.0
132,53,Guard-Forward,6-5,225.0
133,95,Forward,6-9,250.0
134,707,Guard-Forward,6-7,205.0
135,349,Guard,6-3,195.0
136,899,Guard,6-0,180.0
137,55,Center,6-10,224.0
138,761,Center,,
139,1074,Guard,,
140,511,Guard,6-2,185.0
141,714,Guard-Forward,6-7,225.0
142,893,Guard,6-6,216.0
143,63,Forward,6-8,240.0
144,782,Guard,6-5,220.0
145,42,Forward,6-8,225.0
146,302,Guard,,
147,177,Guard,,
148,203,Guard-Forward,6-5,210.0
149,98,Forward-Guard,6-6,228.0
150,89,Guard,6-1,190.0
151,178,Center-Forward,6-10,250.0
152,901,Center-Forward,6-10,248.0
153,136,Forward-Center,6-11,239.0
154,121,Center,7-0,255.0
155,442,Center,,
156,461,Forward,6-8,265.0
157,739,Forward-Center,6-11,230.0
158,951,Guard,6-5,205.0
159,397,Guard,6-7,195.0
160,364,Guard,6-4,185.0
161,296,Forward,6-7,235.0
162,894,Guard,6-4,215.0
163,22,Center,7-4,265.0
164,109,Forward-Center,6-10,240.0
165,123,Guard,6-2,190.0
166,393,Guard,6-3,185.0
167,915,Forward,6-7,270.0
168,166,Guard,6-6,215.0
169,938,Center,6-11,253.0
170,964,Forward,6-10,235.0
171,208,Guard,6-3,185.0
172,417,Forward,6-7,215.0
173,64,Center-Forward,6-9,260.0
174,390,Guard,6-6,200.0
175,281,Forward-Center,6-10,260.0
176,937,Forward-Guard,6-8,228.0
177,251,Forward,6-8,220.0
178,406,Center,7-1,325.0
179,949,Forward,6-9,245.0
180,762,Center,7-6,275.0
181,431,Forward,6-10,280.0
182,428,Guard,,
183,914,Center,7-0,290.0
184,950,Guard,6-2,205.0
185,70,Guard,6-1,180.0
186,120,Guard-Forward,6-8,221.0
187,210,Guard,5-11,173.0
188,371,Forward,,
189,896,Guard,6-0,195.0
190,103,,,
191,339,Forward,6-10,250.0
192,67,Forward,,
193,389,Forward,6-11,235.0
194,763,Forward-Center,6-9,250.0
195,145,Forward,6-7,230.0
196,696,Guard,5-11,182.0
197,895,Forward,,
198,238,Forward,6-9,250.0
199,137,Guard,6-4,190.0
200,452,Forward,6-11,240.0
201,219,Guard,,
202,124,Center,7-1,260.0
203,702,Guard,6-4,215.0
204,1005,Forward-Guard,6-8,230.0
205,445,Guard-Forward,6-6,200.0
206,781,Center,7-0,240.0
207,243,Guard,6-5,209.0
208,228,Forward,6-9,230.0
209,673,Forward-Center,6-9,240.0
210,924,Guard,6-2,182.0
211,1533,Guard,6-3,195.0
212,1498,Guard,6-4,205.0
213,183,Center-Forward,6-11,260.0
214,1517,Guard,6-1,185.0
215,699,Guard,6-7,210.0
216,1510,Guard,5-10,166.0
217,1477,Forward,6-7,200.0
218,1538,Forward,6-7,225.0
219,1497,Guard,6-3,210.0
220,685,Forward-Center,6-11,240.0
221,713,Guard,6-6,220.0
222,456,Forward,6-8,241.0
223,724,Guard,6-1,190.0
224,1504,Center-Forward,6-8,260.0
225,353,Guard,6-1,180.0
226,1507,Guard,6-5,195.0
227,965,Guard,6-1,210.0
228,923,Forward,6-9,245.0
229,695,Guard,,
230,386,Guard,,
231,15,Guard-Forward,6-7,215.0
232,1540,Forward-Guard,6-4,190.0
233,956,Center,6-11,265.0
234,458,Guard,6-2,185.0
235,93,Guard,6-5,183.0
236,147,Guard-Forward,6-8,215.0
237,1114,Guard,6-6,225.0
238,961,Forward,6-9,225.0
239,1496,Forward,6-10,245.0
240,977,Forward-Guard,6-6,212.0
241,441,Forward,6-7,235.0
242,1444,Forward,6-9,230.0
243,1508,Forward-Center,6-9,265.0
244,688,Forward-Guard,6-5,210.0
245,1565,Center,6-10,230.0
246,932,Center,6-9,315.0
247,1073,Forward,6-7,255.0
248,1500,Guard-Forward,6-7,215.0
249,694,Guard,,
250,955,Forward,6-9,260.0
251,278,Forward-Guard,6-8,213.0
252,959,Guard,6-3,178.0
253,426,Center-Forward,6-10,270.0
254,345,Guard,6-3,205.0
255,689,Center,6-10,235.0
256,1495,Center-Forward,6-11,250.0
257,1501,Forward,6-10,240.0
258,1499,Center,6-11,240.0
259,960,Guard,6-2,189.0
260,969,Center,7-0,235.0
261,962,Forward,6-10,245.0
262,980,Center,7-3,260.0
263,1541,Guard,6-5,195.0
264,692,Center,6-10,255.0
265,1712,Forward,6-9,235.0
266,1112,Forward-Center,6-9,240.0
267,85,Guard,6-1,185.0
268,359,Forward,6-8,220.0
269,1749,Guard,6-4,215.0
270,54,Forward,,
271,1717,Forward,7-0,245.0
272,931,Forward,,
273,785,Guard,6-1,190.0
274,727,Guard,6-3,205.0
275,1732,Guard-Forward,6-5,195.0
276,3,Forward,6-9,240.0
277,462,Forward,,
278,994,Forward,6-8,255.0
279,679,Forward,6-8,256.0
280,1715,Guard,6-1,180.0
281,966,Forward-Center,6-9,206.0
282,1511,Forward,6-9,220.0
283,146,Guard-Forward,6-6,228.0
284,1723,Forward,6-7,230.0
285,1722,Guard,6-5,190.0
286,1709,Center,7-0,270.0
287,1710,Guard,6-2,195.0
288,970,Forward-Center,6-9,235.0
289,1718,Forward,6-7,235.0
290,978,Forward,6-10,229.0
291,1711,Center-Forward,6-11,240.0
292,753,Guard,6-2,190.0
293,988,Guard,6-4,209.0
294,197,Guard,6-7,218.0
295,1000,Guard-Forward,6-6,215.0
296,1505,Forward-Guard,6-6,235.0
297,187,Forward,6-9,220.0
298,1503,Guard-Forward,6-8,225.0
299,1607,Guard,6-1,178.0
300,1838,Forward-Guard,6-6,245.0
301,1713,Guard-Forward,6-6,220.0
302,958,Center-Forward,6-10,285.0
303,1502,Center,6-10,270.0
304,1559,Guard-Forward,6-5,230.0
305,1889,Guard,6-3,200.0
306,1853,Guard,6-1,190.0
307,1506,Forward,6-10,240.0
308,1730,Forward-Center,6-9,255.0
309,1032,Forward-Guard,6-7,240.0
310,2000,Guard,6-3,180.0
311,1882,Forward,6-9,254.0
312,697,Guard,6-5,210.0
313,1899,Forward,6-8,217.0
314,1891,Guard,6-2,185.0
315,976,Guard,6-4,190.0
316,680,Forward-Center,6-10,270.0
317,468,Guard,6-5,210.0
318,1509,Center,6-11,275.0
319,1903,Center-Forward,6-7,245.0
320,1721,Center-Forward,6-11,221.0
321,1885,Forward,6-10,230.0
322,1716,Guard,6-5,185.0
323,1897,Forward,6-7,260.0
324,1725,Center,7-0,255.0
325,1739,Forward,6-5,223.0
326,1601,Guard,6-3,185.0
327,1926,Guard,6-5,190.0
328,1890,Guard-Forward,6-7,228.0
329,1883,Guard,6-3,210.0
330,1907,,,
331,1887,Guard-Forward,6-7,240.0
332,1425,Center-Forward,6-9,235.0
333,1733,Forward,6-9,245.0
334,1884,Guard,6-3,212.0
335,1719,Guard-Forward,6-5,210.0
336,1802,Center-Forward,7-0,261.0
337,1724,Guard,6-3,184.0
338,2084,Forward,6-7,218.0
339,43,Guard,6-0,175.0
340,1088,Guard,5-11,185.0
341,2042,Guard,6-5,205.0
342,2032,Forward,6-9,235.0
343,77,Guard,6-3,190.0
344,1023,Guard,6-5,195.0
345,1761,Guard,6-4,210.0
346,1751,Center-Forward,6-9,290.0
347,979,Center-Forward,6-11,255.0
348,2030,Forward,6-9,225.0
349,446,Guard,6-5,205.0
350,990,Forward,6-7,255.0
351,1531,Forward,6-10,253.0
352,2033,,,
353,2034,Guard-Forward,6-8,218.0
354,983,Guard,6-1,185.0
355,2050,Guard,6-7,220.0
356,1727,Forward,6-9,238.0
357,1740,Forward,6-10,235.0
358,1888,Guard,6-7,193.0
359,1728,Forward,,
360,1513,Center-Forward,6-11,278.0
361,1536,Guard-Forward,6-8,220.0
362,1905,Forward,6-9,235.0
363,2217,Center,7-0,263.0
364,2036,Center,7-0,265.0
365,1894,Forward,6-6,225.0
366,2035,Forward-Guard,6-9,210.0
367,2046,Guard,6-5,222.0
368,1904,Forward,6-8,235.0
369,1901,Forward-Guard,6-5,225.0
370,2204,Forward,6-9,222.0
371,1944,Forward,6-9,210.0
372,2059,Forward,6-8,235.0
373,2240,Guard,6-4,215.0
374,2045,Forward,6-10,220.0
375,1956,Guard-Forward,6-7,220.0
376,1521,Guard,6-1,190.0
377,2054,Center,7-2,290.0
378,2224,Guard,6-3,188.0
379,2037,Guard,6-5,200.0
380,2260,Center,6-11,249.0
381,2202,Guard,6-6,225.0
382,1902,Forward-Center,6-11,250.0
383,2207,Guard-Forward,6-7,240.0
384,1886,Forward,7-0,230.0
385,1908,Forward,6-8,230.0
386,1563,Guard,6-2,195.0
387,1924,Forward,6-9,241.0
388,2072,Guard,6-6,215.0
389,1737,Center,6-10,250.0
390,2200,Center-Forward,7-0,250.0
391,2047,Forward,6-6,228.0
392,2210,Forward,6-7,233.0
393,1729,Guard,6-7,195.0
394,1934,Forward-Guard,6-5,195.0
395,1763,Forward,6-9,218.0
396,2203,Forward,6-8,220.0
397,2049,Guard,5-11,170.0
398,2031,Forward-Center,6-10,220.0
399,1928,Center,7-0,280.0
400,2225,Guard,6-2,185.0
401,2239,Forward-Guard,6-5,227.0
402,1731,Guard,6-0,175.0
403,2209,Forward,6-10,235.0
404,2405,Forward-Center,6-10,245.0
405,2430,Forward,6-9,258.0
406,2406,Forward,6-7,228.0
407,2402,Guard,6-3,200.0
408,2245,Forward,6-8,202.0
409,2051,Forward,6-8,220.0
410,2400,Forward,6-10,250.0
411,1921,Guard,6-6,220.0
412,2452,Guard,6-2,185.0
413,2048,Center,6-11,265.0
414,2215,Center,7-0,255.0
415,2398,Guard,6-2,195.0
416,1741,Forward-Center,6-10,245.0
417,2454,Guard,6-4,190.0
418,2198,Center,6-11,290.0
419,2124,Forward,6-10,255.0
420,1938,Guard,6-6,205.0
421,2060,Guard,6-7,224.0
422,2229,Guard,6-2,188.0
423,1960,Guard,6-4,210.0
424,2403,Center-Forward,6-11,250.0
425,1542,Center,6-11,270.0
426,1747,Guard,6-2,175.0
427,2446,Forward,6-7,215.0
428,2501,Center-Forward,6-8,245.0
429,2206,Forward,6-9,230.0
430,1742,Guard,6-1,201.0
431,2211,Forward-Center,6-11,245.0
432,2199,Center,7-0,235.0
433,2428,Forward,6-7,210.0
434,1735,Center,7-1,255.0
435,2397,Center,7-6,310.0
436,2250,Forward,6-6,235.0
437,2564,Center-Forward,6-8,250.0
438,2073,Forward,6-8,240.0
439,2306,Guard,6-2,200.0
440,2546,Forward,6-7,238.0
441,2418,Guard,6-6,215.0
442,2547,Forward,6-11,235.0
443,1544,Forward,6-9,235.0
444,2549,Center,7-0,265.0
445,2404,Forward-Center,6-10,235.0
446,1800,Guard,6-3,195.0
447,2052,Forward-Guard,6-5,218.0
448,2548,Guard,6-4,220.0
449,1863,Guard,5-5,133.0
450,2248,Guard,6-1,199.0
451,2201,Center,7-0,295.0
452,2041,Center,6-10,260.0
453,2436,Guard,6-3,200.0
454,2063,Center,6-11,255.0
455,2407,Forward,6-11,240.0
456,2553,Forward,6-8,228.0
457,2044,Center,7-0,260.0
458,2412,Forward,6-7,208.0
459,2038,Center,7-1,245.0
460,2422,Forward,6-6,210.0
461,2572,Forward-Guard,6-7,210.0
462,2413,Guard,6-3,165.0
463,2586,Guard-Forward,6-5,215.0
464,2550,Guard,6-4,190.0
465,2544,Forward,6-9,250.0
466,2571,Guard,6-3,194.0
467,1548,Center-Forward,7-0,250.0
468,2043,Guard,6-2,210.0
469,2246,Center,6-11,260.0
470,2399,Guard-Forward,6-9,230.0
471,1952,Guard,6-5,210.0
472,2223,Center,6-11,255.0
473,2098,Forward,6-10,253.0
474,2551,Guard,6-0,165.0
475,2419,Forward,6-9,212.0
476,2617,Forward,6-7,235.0
477,2216,Forward,6-9,250.0
478,2738,Guard-Forward,6-6,215.0
479,2804,,,
480,2732,Guard,6-3,205.0
481,2243,Forward,6-9,235.0
482,2365,Forward-Center,6-10,245.0
483,2768,Guard,6-1,190.0
484,2424,Guard,6-0,180.0
485,2429,Center,6-11,240.0
486,2443,Forward,6-9,248.0
487,2730,Center-Forward,6-10,265.0
488,2731,Center,6-10,255.0
489,2410,Guard,6-2,225.0
490,2222,Forward,6-7,220.0
491,2747,Guard,6-6,220.0
492,2749,Guard,6-0,190.0
493,2078,Guard,6-3,180.0
494,2735,Forward-Guard,6-8,210.0
495,2746,Forward,6-9,225.0
496,2416,Guard,6-6,215.0
497,2693,Guard,6-2,190.0
498,2594,Guard-Forward,6-7,212.0
499,2557,Guard,6-2,175.0
500,2736,Forward,6-9,237.0
501,2605,Forward,6-6,200.0
502,2408,Center-Forward,6-10,260.0
503,2590,Guard,6-1,198.0
504,2569,Forward,6-9,195.0
505,2420,Center,7-0,240.0
506,2056,Center,7-1,255.0
507,2624,Forward-Guard,6-6,193.0
508,1594,Guard,6-4,190.0
509,2733,Guard,6-7,192.0
510,101106,Center,7-0,260.0
511,101112,Forward-Center,7-0,255.0
512,2294,Guard,6-3,200.0
513,101111,Forward,6-11,232.0
514,101108,Guard,6-0,175.0
515,101122,Forward-Guard,6-9,222.0
516,2561,Forward,6-9,250.0
517,2753,Guard,6-3,180.0
518,101114,Guard,6-3,200.0
519,2484,Guard,6-5,210.0
520,2734,Guard,6-3,185.0
521,1922,Center-Forward,7-0,240.0
522,2592,Guard-Forward,6-8,218.0
523,101127,Guard,6-3,200.0
524,101181,Guard,6-3,200.0
525,2755,Guard,6-7,199.0
526,2039,Guard,6-3,195.0
527,101129,Guard,6-3,185.0
528,2556,Guard,6-2,205.0
529,101107,Forward,6-8,237.0
530,2588,Center-Forward,6-10,235.0
531,2554,Forward,6-6,215.0
532,101126,Guard,5-9,180.0
533,2555,Forward-Center,6-10,255.0
534,2417,Forward-Guard,6-8,220.0
535,101109,Guard,6-1,205.0
536,2741,Center,7-1,270.0
537,101155,Forward,6-7,245.0
538,101136,Guard,6-1,175.0
539,101180,,,
540,2742,Guard,6-0,170.0
541,2470,Guard,6-4,190.0
542,2581,Guard,6-3,172.0
543,2751,,,
544,2585,Center,6-11,270.0
545,200747,Forward,6-8,205.0
546,2744,Center,6-10,280.0
547,2760,Forward,6-11,260.0
548,200745,Center-Forward,7-0,245.0
549,101115,Center,7-0,285.0
550,2740,Center,7-0,250.0
551,1515,Guard,6-6,210.0
552,2411,Forward,6-9,221.0
553,200750,Guard,6-6,211.0
554,101236,Forward-Center,6-6,240.0
555,2563,Guard-Forward,6-6,225.0
556,2863,Guard-Forward,6-6,217.0
557,2545,Center,7-0,275.0
558,101135,Forward-Center,6-9,245.0
559,101123,Guard-Forward,6-7,205.0
560,101124,Forward,6-9,219.0
561,2137,Guard-Forward,6-5,220.0
562,200778,Guard-Forward,6-7,215.0
563,2457,Guard,6-1,185.0
564,2574,Forward,6-8,215.0
565,200816,Forward,6-9,245.0
566,2570,Center,6-10,270.0
567,200746,Center-Forward,6-11,250.0
568,2575,Forward,6-8,235.0
569,101110,Forward-Guard,6-7,230.0
570,2440,Forward,6-7,226.0
571,2679,Guard,6-6,212.0
572,2230,Guard-Forward,6-5,220.0
573,1630,Forward-Center,7-0,225.0
574,101145,Guard,6-3,185.0
575,200765,Guard,6-1,180.0
576,200751,Guard,6-4,218.0
577,200970,Forward,6-7,190.0
578,200752,Forward-Guard,6-8,250.0
579,2562,Guard-Forward,6-7,235.0
580,101118,Center-Forward,6-9,266.0
581,2212,Center,7-0,240.0
582,200814,Guard,6-6,189.0
583,2754,Guard-Forward,6-4,213.0
584,2566,Forward,6-9,207.0
585,2772,Forward,6-8,215.0
586,2584,Guard,6-3,205.0
587,201143,Center-Forward,6-8,240.0
588,201154,Forward,6-8,235.0
589,101154,Center-Forward,6-11,260.0
590,101120,Forward-Guard,6-7,215.0
591,2757,Guard,6-3,205.0
592,2568,Guard-Forward,6-6,230.0
593,200809,Guard,6-2,175.0
594,201147,Guard-Forward,6-9,188.0
595,200783,Forward,6-7,265.0
596,201161,Guard,6-5,210.0
597,200789,Guard,6-2,200.0
598,2748,Forward-Guard,6-9,205.0
599,101177,Center,6-10,245.0
600,101128,Guard-Forward,6-7,215.0
601,200081,Forward,6-8,205.0
602,101131,Forward,6-7,260.0
603,201145,Forward,6-8,235.0
604,201149,Forward-Center,6-11,232.0
605,201202,Center,6-9,245.0
606,200770,Guard,6-2,180.0
607,200767,Forward-Center,6-10,240.0
608,2434,,,
609,2867,Forward,6-7,215.0
610,101235,Guard,6-5,215.0
611,201142,Forward,6-11,240.0
612,2745,Forward-Guard,6-6,225.0
613,200768,Guard,6-0,196.0
614,101132,Forward,6-8,234.0
615,101150,Guard,6-2,175.0
616,2449,Forward,6-9,241.0
617,201144,Guard,6-1,175.0
618,200794,Forward,6-7,257.0
619,201196,Guard,6-3,190.0
620,101119,Guard,6-4,215.0
621,2427,Guard,6-5,205.0
622,200758,Forward,6-7,235.0
623,200757,Forward-Guard,6-6,215.0
624,201152,Forward,6-8,225.0
625,101143,Guard,6-1,175.0
626,201146,Forward,7-0,250.0
627,201166,Guard,6-0,161.0
628,201627,Guard,6-5,210.0
629,201575,Guard-Forward,6-6,225.0
630,201572,Center,7-1,282.0
631,201228,Guard,6-2,175.0
632,101139,Guard,6-6,220.0
633,201171,Forward,6-9,248.0
634,201584,Guard,6-5,215.0
635,201571,Guard,5-11,183.0
636,201565,Guard,6-3,200.0
637,201187,Forward,6-9,235.0
638,201569,Guard,6-3,215.0
639,201175,Forward-Center,6-9,289.0
640,201141,Center,7-0,273.0
641,200826,Guard,5-10,180.0
642,201574,Forward-Center,6-11,250.0
643,201567,Forward-Center,6-10,251.0
644,201602,Guard,6-6,201.0
645,201601,Forward,6-8,230.0
646,201188,Center,6-11,255.0
647,201158,Guard,6-5,220.0
648,201596,Guard,6-2,190.0
649,201563,Forward,6-9,235.0
650,201156,Guard-Forward,6-7,210.0
651,201564,Guard,6-5,210.0
652,201155,Guard,6-5,205.0
653,101142,Center,6-10,249.0
654,201164,,,
655,201566,Guard,6-4,200.0
656,201150,Forward-Center,7-1,245.0
657,200748,Forward,6-10,225.0
658,201163,Forward,6-8,235.0
659,201576,,,
660,201229,Forward,6-8,240.0
661,201167,Guard,6-5,210.0
662,201943,Guard,6-1,170.0
663,201858,Forward,6-7,220.0
664,201978,Forward,6-7,209.0
665,201604,Guard,6-7,210.0
666,201568,Forward,6-10,236.0
667,201954,Guard,6-0,160.0
668,201942,Guard-Forward,6-6,220.0
669,201590,Forward,6-11,226.0
670,2853,Forward-Center,7-0,250.0
671,101141,Forward,6-9,235.0
672,201588,Guard,6-4,188.0
673,201611,Forward,6-6,235.0
674,201581,Center-Forward,6-9,242.0
675,200755,Guard,6-3,200.0
676,201935,Guard,6-5,220.0
677,201162,Forward,6-6,237.0
678,201973,Forward,6-10,231.0
679,201938,Guard,6-0,185.0
680,201950,Guard,6-4,220.0
681,201977,Guard-Forward,6-4,205.0
682,201587,Guard-Forward,6-7,230.0
683,201802,Guard,6-2,190.0
684,201956,Forward,6-9,225.0
685,202130,Forward,6-6,205.0
686,201579,Center,7-2,270.0
687,200769,Guard,6-3,215.0
688,201939,Guard,6-2,185.0
689,201959,Forward,6-9,232.0
690,201944,Guard-Forward,6-6,220.0
691,201951,Guard,5-11,195.0
692,201936,Guard,6-6,220.0
693,202083,Guard,6-5,220.0
694,101198,Guard,6-0,185.0
695,202087,Forward,6-6,225.0
696,101161,Center-Forward,6-9,240.0
697,201948,Forward,6-11,220.0
698,201933,Forward,6-9,250.0
699,101138,Forward,6-8,250.0
700,201963,Forward,6-7,210.0
701,201967,Forward,6-8,230.0
702,201589,Forward,6-9,235.0
703,201599,Center,6-11,265.0
704,201971,Center-Forward,6-7,270.0
705,202326,Center,6-10,270.0
706,202334,Center-Forward,6-9,218.0
707,202339,Guard,6-1,214.0
708,202323,Guard-Forward,6-6,220.0
709,202390,Guard,6-4,210.0
710,201945,Guard,6-5,215.0
711,202328,Forward-Center,6-10,250.0
712,201580,Center-Forward,7-0,270.0
713,201949,Forward,6-7,240.0
714,201573,Guard,6-3,200.0
715,201975,Guard,6-4,210.0
716,202322,Guard,6-3,210.0
717,202348,Guard,6-5,195.0
718,201177,Forward-Center,6-10,240.0
719,2743,Forward,6-9,235.0
720,202361,Guard-Forward,6-7,215.0
721,101162,Center,6-11,240.0
722,202331,Forward,6-8,220.0
723,201583,Forward,6-9,240.0
724,201970,Forward-Guard,6-6,225.0
725,2756,Guard,6-7,195.0
726,201586,Forward,6-11,235.0
727,200761,Forward,6-10,230.0
728,201603,Guard-Forward,6-6,205.0
729,201962,Guard,6-2,195.0
730,201946,,,
731,202325,Forward-Guard,6-7,215.0
732,202329,Forward,6-8,220.0
733,101187,Forward-Guard,6-6,220.0
734,202340,Guard,6-3,180.0
735,202386,Guard,6-3,205.0
736,202687,Center,6-8,255.0
737,202688,Guard,6-2,182.0
738,201957,Center,7-0,275.0
739,202718,Forward,6-9,230.0
740,202698,Forward,6-9,228.0
741,202810,Guard-Forward,6-5,214.0
742,202345,Forward,6-7,225.0
743,201980,Guard,6-6,215.0
744,201974,Forward,6-8,233.0
745,202324,Forward,6-9,265.0
746,202682,Forward,6-8,240.0
747,202388,Guard,6-3,205.0
748,202327,Center-Forward,6-10,245.0
749,201609,Guard,6-4,190.0
750,202330,Forward,6-7,225.0
751,202349,Guard,6-6,217.0
752,202970,,,
753,202697,Guard,6-5,212.0
754,202738,Guard,5-9,185.0
755,101189,Forward,6-8,230.0
756,201160,Forward-Center,7-0,240.0
757,201952,Guard,6-3,195.0
758,202391,Guard,6-3,200.0
759,202406,Guard,6-3,180.0
760,202695,Forward,6-6,225.0
761,202689,Guard,6-0,184.0
762,202702,Forward-Center,6-8,220.0
763,202338,Forward-Center,6-10,278.0
764,202691,Guard,6-5,220.0
765,202681,Guard,6-2,195.0
766,201991,Guard,6-3,190.0
767,202705,Guard,6-5,200.0
768,201578,Forward-Center,6-10,255.0
769,201593,Center,6-11,307.0
770,202335,Forward,6-8,235.0
771,201937,Guard,6-2,190.0
772,201958,Guard,6-2,185.0
773,200749,Center-Forward,6-9,250.0
774,202344,Forward,6-8,228.0
775,202684,Center-Forward,6-9,254.0
776,201985,Guard,6-2,195.0
777,203144,Guard,6-6,187.0
778,203083,Center,6-11,279.0
779,203076,Forward-Center,6-10,253.0
780,203085,Guard,6-4,200.0
781,203078,Guard,6-4,207.0
782,203081,Guard,6-2,200.0
783,203079,Guard,6-3,210.0
784,202734,Guard,6-3,191.0
785,201947,Forward,6-10,234.0
786,202066,Guard-Forward,6-5,195.0
787,203084,Forward,6-7,225.0
788,202710,Forward,6-6,230.0
789,202685,Center,6-11,265.0
790,201585,Center,7-0,245.0
791,202713,Forward,6-8,228.0
792,202362,Forward,6-5,210.0
793,202336,Forward-Center,6-11,230.0
794,202730,Forward-Center,6-9,260.0
795,202693,Forward,6-9,245.0
796,203090,Forward-Guard,6-7,220.0
797,203077,Forward,6-6,232.0
798,202696,Center,6-9,260.0
799,201600,Center,7-0,255.0
800,200782,Forward,6-5,245.0
801,202347,Forward,6-7,230.0
802,201577,Center,7-1,281.0
803,200779,Forward,6-10,225.0
804,201168,Center-Forward,6-11,245.0
805,202699,Forward,6-8,226.0
806,203092,Forward-Center,6-11,250.0
807,201961,Guard,6-4,207.0
808,202692,Guard,6-5,214.0
809,203463,Guard,6-3,195.0
810,203148,Guard,6-1,173.0
811,201960,Forward,6-6,215.0
812,203110,Forward,6-6,230.0
813,202683,Center,6-10,250.0
814,203507,Forward,6-11,243.0
815,203138,Forward,6-8,206.0
816,202341,Guard-Forward,6-6,213.0
817,203096,Center-Forward,6-9,260.0
818,203106,,,
819,203089,Forward-Center,6-9,219.0
820,201941,Forward-Center,6-10,240.0
821,203482,Forward-Center,7-0,240.0
822,203088,Guard,6-4,200.0
823,203114,Forward,6-7,222.0
824,202412,Guard,6-5,185.0
825,202694,Forward,6-8,218.0
826,203487,Guard,6-5,190.0
827,203101,Center,6-11,249.0
828,203489,Guard,6-4,190.0
829,202708,Guard,6-2,175.0
830,201976,Guard,6-2,180.0
831,202704,Guard,6-2,208.0
832,203527,Forward,6-11,230.0
833,202714,Guard,6-3,203.0
834,203093,Forward,6-9,252.0
835,203082,Guard-Forward,6-7,206.0
836,203501,Guard-Forward,6-5,205.0
837,202389,Center,7-1,275.0
838,203100,Guard,6-6,205.0
839,203504,Guard,6-0,185.0
840,203506,Guard,6-3,213.0
841,202333,Forward-Guard,6-6,220.0
842,203940,Forward,6-10,237.0
843,203458,Center,7-0,250.0
844,203952,Forward,6-6,197.0
845,202711,Forward,6-7,226.0
846,203469,Forward-Center,6-11,240.0
847,203957,Guard,6-5,214.0
848,202700,Forward-Center,7-0,220.0
849,202779,Guard,6-3,190.0
850,203901,Guard,6-3,195.0
851,203095,Guard-Forward,6-6,205.0
852,203476,Center,6-10,248.0
853,202355,Center,7-0,265.0
854,203477,Guard,6-0,200.0
855,203913,Guard,6-5,214.0
856,203953,Forward,6-7,245.0
857,203109,Forward,6-6,235.0
858,203924,Forward,6-7,213.0
859,204060,Forward-Guard,6-8,220.0
860,203903,Guard,6-5,194.0
861,203909,Guard-Forward,6-6,205.0
862,203484,Guard,6-5,204.0
863,202498,Forward,6-8,225.0
864,204038,Guard,6-1,200.0
865,203935,Guard,6-3,220.0
866,203486,Forward-Center,6-9,254.0
867,203521,Guard,6-3,200.0
868,203141,Forward,6-9,242.0
869,203457,Center-Forward,6-10,220.0
870,202703,Forward,6-10,250.0
871,203492,Guard,6-3,190.0
872,203496,Forward,6-7,209.0
873,203918,Guard-Forward,6-8,208.0
874,101179,Guard,6-2,190.0
875,203497,Center,7-1,258.0
876,203498,Guard-Forward,6-6,221.0
877,203499,Guard,5-11,175.0
878,203524,Forward,6-6,226.0
879,203500,Center,6-11,265.0
880,204025,Guard,6-0,170.0
881,203505,Guard,6-5,200.0
882,203897,Guard,6-5,200.0
883,203932,Forward,6-8,235.0
884,203459,Guard-Forward,6-5,212.0
885,203460,Guard-Forward,6-7,210.0
886,1626148,Forward-Guard,6-7,224.0
887,1627362,Guard,6-2,165.0
888,203468,Guard,6-3,190.0
889,202709,Guard,6-2,200.0
890,1626156,Guard,6-3,193.0
891,203471,Guard,6-1,175.0
892,1626164,Guard,6-5,206.0
893,203926,Forward,6-7,225.0
894,1626251,Forward,6-9,220.0
895,1626144,Guard,6-3,200.0
896,1626163,Forward-Center,7-0,240.0
897,203914,Guard,6-4,210.0
898,101133,Center,6-11,262.0
899,202397,Guard,6-0,175.0
900,1626143,Center-Forward,6-10,270.0
901,202706,Guard-Forward,6-7,220.0
902,1626196,Guard,6-5,200.0
903,203944,Forward-Center,6-9,250.0
904,1626159,Forward-Guard,6-6,222.0
905,1626157,Center-Forward,7-0,248.0
906,203145,Guard-Forward,6-4,195.0
907,204001,Forward-Center,7-2,240.0
908,1626204,Forward-Center,6-6,245.0
909,203086,Forward-Center,7-0,260.0
910,1626167,Center-Forward,6-11,250.0
911,203917,Guard,6-6,207.0
912,203999,Center,6-11,284.0
913,203490,Forward,6-8,230.0
914,201988,Guard,6-2,180.0
915,1626178,Forward,6-6,217.0
916,1626169,Forward-Guard,6-6,242.0
917,203933,Forward,6-8,220.0
918,203503,Guard,6-6,213.0
919,204020,Guard,6-3,186.0
920,203115,Guard,6-5,181.0
921,1626161,Center,7-0,240.0
922,1627816,Forward,6-9,235.0
923,1626150,Guard,6-6,213.0
924,1627742,Forward,6-8,190.0
925,1627741,Guard,6-4,220.0
926,1627747,Guard,6-7,205.0
927,203991,Center,6-10,256.0
928,203967,Forward-Center,6-10,225.0
929,1627734,Forward-Center,6-10,240.0
930,1627827,Forward,6-7,220.0
931,203922,Forward,6-6,222.0
932,1627785,Guard,6-4,213.0
933,203210,Forward-Center,6-9,227.0
934,1627750,Guard,6-4,215.0
935,203516,Forward,6-6,215.0
936,203925,Guard-Forward,6-6,220.0
937,203954,Center-Forward,7-0,280.0
938,202720,Forward,6-10,228.0
939,203200,Forward-Guard,6-6,180.0
940,203994,Center,6-11,290.0
941,1626162,Forward-Guard,6-8,203.0
942,1627763,Guard,6-5,229.0
943,1627737,Forward,6-9,240.0
944,1626158,Forward,6-9,235.0
945,203585,Guard,6-4,205.0
946,203930,Guard,6-4,212.0
947,200771,Guard,6-3,176.0
948,203552,Guard,6-1,185.0
949,203915,Guard,6-5,215.0
950,204456,Guard,6-1,190.0
951,1627812,Guard,6-0,178.0
952,1626151,Guard,6-6,210.0
953,1628935,Guard,6-3,183.0
954,201281,Guard,6-3,190.0
955,1627732,Guard-Forward,6-10,240.0
956,1626171,Forward,6-9,250.0
957,203992,Guard,6-5,225.0
958,1626166,Guard,6-2,183.0
959,1627778,Center,6-10,245.0
960,1627814,Guard-Forward,6-6,210.0
961,203121,Forward,6-6,225.0
962,1628021,Guard-Forward,6-5,219.0
963,1628368,Guard,6-3,185.0
964,1627749,Guard,6-4,180.0
965,1626153,Guard,6-5,185.0
966,1628372,Guard,6-2,205.0
967,1627756,Guard,6-4,220.0
968,203473,Center,6-10,245.0
969,1628415,Guard-Forward,6-7,225.0
970,1628378,Guard,6-2,215.0
971,1627733,Forward,7-0,249.0
972,203939,Forward-Center,6-10,240.0
973,1628373,Guard,6-4,200.0
974,1627832,Guard,6-0,197.0
975,1626185,Forward,6-10,239.0
976,1628386,Center,6-9,243.0
977,1627759,Guard-Forward,6-6,223.0
978,1628369,Forward-Guard,6-8,210.0
979,203087,Guard-Forward,6-5,180.0
980,1626170,Guard,6-4,198.0
981,1628381,Forward-Center,6-9,226.0
982,203613,Forward,6-6,195.0
983,1628404,Guard,6-5,215.0
984,1628367,Guard-Forward,6-8,207.0
985,1628382,Forward,6-8,220.0
986,1628424,Guard,6-5,180.0
987,1627739,Guard,6-3,205.0
988,203937,Forward-Guard,6-8,230.0
989,1628398,Forward,6-8,221.0
990,1628374,Forward-Center,7-1,240.0
991,1628366,Guard,6-5,190.0
992,1628379,Guard,6-5,206.0
993,1626209,Forward-Guard,6-8,220.0
994,203104,Guard,6-2,189.0
995,203488,Forward-Center,6-10,240.0
996,1628462,Guard,6-5,196.0
997,202357,Forward,6-9,234.0
998,1628384,Forward-Guard,6-7,240.0
999,1627783,Forward,6-8,245.0
1000,1626188,Guard,6-1,180.0
1001,203493,Guard-Forward,6-6,205.0
1002,203894,Guard,6-0,175.0
1003,1627746,Forward-Center,6-10,235.0
1004,1627752,Forward,6-6,218.0
1005,1626179,Guard,6-1,190.0
1006,203107,Guard,6-7,210.0
1007,203584,Guard,6-4,200.0
1008,1627755,Guard,5-10,160.0
1009,1627820,Guard,6-5,198.0
1010,1628504,Guard,6-4,208.0
1011,1627936,Guard,6-5,186.0
1012,1629019,Guard,6-4,200.0
1013,1628389,Center-Forward,6-9,255.0
1014,203998,Forward,6-9,218.0
1015,1627854,Guard,6-2,205.0
1016,1626224,Forward,6-7,230.0
1017,1628990,Forward-Guard,6-6,210.0
1018,1629012,Guard,6-0,190.0
1019,1628422,Guard,6-5,210.0
1020,1627863,Forward-Guard,6-6,220.0
1021,202722,Forward,6-10,225.0
1022,1627761,Guard-Forward,6-5,210.0
1023,1629028,Center,7-0,252.0
1024,1628401,Guard,6-4,190.0
1025,203960,Forward,6-7,214.0
1026,1628973,Guard,6-2,190.0
1027,1628991,Forward-Center,6-10,242.0
1028,1629203,Forward,6-5,175.0
1029,1628371,Forward,6-10,230.0
1030,1629006,Guard,6-4,213.0
1031,1628443,Guard,6-1,200.0
1032,1629026,Guard-Forward,6-7,210.0
1033,1628989,Guard-Forward,6-6,198.0
1034,1628995,Forward,6-8,215.0
1035,1629013,Guard,6-5,190.0
1036,1629029,Forward-Guard,6-8,230.0
1037,1627736,Guard,6-4,187.0
1038,1628365,Guard,6-4,209.0
1039,1628963,Forward,6-10,235.0
1040,1628467,Forward,6-10,240.0
1041,1628969,Guard-Forward,6-6,209.0
1042,1628970,Forward,6-6,225.0
1043,1629011,Center-Forward,7-0,240.0
1044,1626149,Forward-Center,6-7,240.0
1045,1628420,Guard,6-2,183.0
1046,203943,Forward,6-10,257.0
1047,1626192,Guard,6-3,209.0
1048,1626154,Guard,6-5,185.0
1049,1629066,Forward,6-9,228.0
1050,1626220,Forward,6-6,226.0
1051,1627853,Guard,6-3,195.0
1052,1628983,Guard,6-6,195.0
1053,1628390,Guard,6-6,190.0
1054,1628418,Center-Forward,6-9,248.0
1055,1628470,Forward,6-5,221.0
1056,1629027,Guard,6-2,164.0
1057,1626203,Guard-Forward,6-5,219.0
1058,1626145,Guard,6-0,196.0
1059,1627215,Guard,6-3,180.0
1060,1628976,Center-Forward,6-10,270.0
1061,1628988,Guard,6-0,185.0
1062,1629014,Guard,6-3,200.0
1063,203382,Center-Forward,6-10,260.0
1064,1629634,Forward,6-8,215.0
1065,1628971,Guard-Forward,6-4,202.0
1066,1629629,Forward-Guard,6-7,217.0
1067,1629661,Forward,6-8,210.0
1068,1626174,Forward,6-8,214.0
1069,1629632,Guard,6-4,195.0
1070,1628464,Forward-Center,6-8,245.0
1071,1629636,Guard,6-1,192.0
1072,1629631,Forward-Guard,6-7,221.0
1073,1627884,Forward,6-6,210.0
1074,1628984,Guard,6-1,195.0
1075,1628978,Guard,6-4,203.0
1076,1629130,Forward,6-7,215.0
1077,1629672,Forward,6-6,255.0
1078,1627788,Guard-Forward,6-7,202.0
1079,1629018,Guard,6-5,204.0
1080,1629630,Guard,6-2,174.0
1081,1627774,Forward,6-8,209.0
1082,1629633,Guard-Forward,6-6,195.0
1083,203895,Guard,6-5,179.0
1084,1629673,Guard,6-4,194.0
1085,1629308,Forward,6-6,209.0
1086,1629134,Guard,6-3,190.0
1087,1629645,Guard-Forward,6-5,203.0
1088,1629065,Guard,6-1,187.0
1089,1629652,Guard,6-4,220.0
1090,1628370,Guard,6-3,200.0
1091,1628539,Guard,6-3,195.0
1092,1626181,Guard,6-3,215.0
1093,1629023,Forward,6-7,230.0
1094,1627775,Guard,6-7,181.0
1095,1629628,Forward-Guard,6-6,214.0
1096,1629060,Forward,6-8,230.0
1097,1629003,Guard,6-5,205.0
1098,1629004,Guard-Forward,6-7,205.0
1099,1626168,Forward,6-9,234.0
1100,1628972,Guard-Forward,6-7,215.0
1101,1629639,Guard,6-5,195.0
1102,1628380,Forward-Center,6-9,250.0
1103,1629627,Forward,6-6,284.0
1104,1630197,Forward,7-0,210.0
1105,1630162,Guard,6-4,225.0
1106,1629717,Guard,6-3,195.0
1107,1628419,Forward,6-8,239.0
1108,1626184,Guard,6-2,185.0
1109,1628449,Forward,6-8,200.0
1110,1629643,Forward,6-7,229.0
1111,1630175,Guard,6-2,185.0
1112,1629647,Forward,6-9,216.0
1113,1629001,Guard,6-2,200.0
1114,1630166,Forward,6-8,228.0
1115,1630217,Guard,6-6,215.0
1116,1628407,Guard-Forward,6-6,221.0
1117,1629091,Guard,6-5,210.0
1118,1630267,Guard,5-10,195.0
1119,1630466,Forward,6-6,231.0
1120,1628960,Guard,6-3,198.0
1121,1628977,Guard,6-5,202.0
1122,1630171,Forward-Guard,6-4,225.0
1123,1629676,Forward,6-8,230.0
1124,1630191,Forward-Center,6-8,250.0
1125,1627826,Center,7-0,240.0
1126,1630183,Forward,6-9,185.0
1127,1630256,Forward,6-4,230.0
1128,1627751,Center,7-0,253.0
1129,1630164,Center,6-11,240.0
1130,1630206,Guard,6-5,220.0
1131,1630231,Forward,6-6,215.0
1132,1629640,Forward-Guard,6-6,220.0
1133,203920,Center,6-8,233.0
1134,1629017,Guard,6-3,210.0
1135,1630165,Guard,6-4,195.0
1136,1630163,Guard,6-6,180.0
1137,1629022,Guard-Forward,6-4,204.0
1138,1629680,Guard-Forward,6-5,202.0
1139,1629008,Forward,6-10,218.0
1140,1629650,Center,7-2,258.0
1141,1630230,Forward,6-6,220.0
1142,1629638,Guard,6-5,205.0
1143,1629052,Forward-Guard,6-7,210.0
1144,1628408,Guard-Forward,6-6,205.0
1145,1630172,Forward,6-6,215.0
1146,203526,Guard,6-2,180.0
1147,1630180,Guard-Forward,6-8,215.0
1148,1628425,Guard-Forward,6-5,219.0
1149,1629659,Guard,6-4,234.0
1150,1630177,Guard,6-4,175.0
1151,1629660,Guard-Forward,6-5,195.0
1152,1630169,Guard,6-5,185.0
1153,1630598,Guard,6-5,190.0
1154,1630578,Center,6-11,243.0
1155,1629599,Guard-Forward,6-7,210.0
1156,1630559,Guard,6-5,197.0
1157,1630245,Guard,6-4,200.0
1158,1630314,Guard,6-1,190.0
1159,1629604,Forward-Guard,6-6,200.0
1160,1630595,Guard,6-6,220.0
1161,1628997,Forward,6-5,205.0
1162,1630602,Forward,6-5,215.0
1163,1629002,Forward-Center,6-10,225.0
1164,1630537,Guard,6-5,190.0
1165,1628998,Forward,6-6,205.0
1166,1630557,Forward,6-6,224.0
1167,1629655,Forward-Center,6-10,265.0
1168,1630558,Guard,6-0,202.0
1169,1628476,Guard,6-0,185.0
1170,1629962,Guard,6-2,183.0
1171,1630170,Guard-Forward,6-5,200.0
1172,1630613,Guard,6-2,197.0
1173,1630596,Center,6-11,215.0
1174,1628402,Guard,6-3,205.0
1175,1630532,Forward,6-10,220.0
1176,1629216,Guard,6-2,200.0
1177,1629726,Guard,6-5,215.0
1178,1627777,Forward,6-6,230.0
1179,1629684,Forward,6-5,236.0
1180,1629755,Guard,6-2,187.0
1181,1630529,Forward,6-7,206.0
1182,1630193,Guard,6-2,190.0
1183,1630587,Forward,6-6,232.0
1184,1630224,Guard,6-4,186.0
1185,1630591,Guard,6-5,205.0
1186,1629020,Forward,6-8,214.0
1187,1629750,Guard,6-5,205.0
1188,1629637,Center-Forward,7-0,220.0
1189,1629658,Forward,6-8,216.0
1190,1630526,Forward,6-9,240.0
1191,1630581,Guard,6-7,216.0
1192,1630556,Forward,6-8,203.0
1193,1626172,Forward,6-9,222.0
1194,1629622,Guard-Forward,6-5,215.0
1195,1628982,Guard-Forward,6-5,215.0
1196,1628964,Center,7-0,231.0
1197,1629642,Forward-Guard,6-6,220.0
1198,1629651,Center,6-11,215.0
1199,1630168,Forward-Center,6-10,240.0
1200,1630173,Forward,6-8,243.0
1201,1630181,Guard,6-4,175.0
1202,1629057,Center-Forward,6-9,249.0
1203,1630567,Forward-Guard,6-8,237.0
1204,1629611,Guard-Forward,6-6,215.0
1205,1630678,Forward,6-4,230.0
1206,1630544,Guard,6-3,178.0
1207,1630178,Guard,6-2,200.0
1208,1630249,Guard,6-8,195.0
1209,1628411,Forward,6-6,195.0
1210,1630285,Guard,6-0,190.0
1211,1630533,Forward,6-9,185.0
1212,1630174,Guard-Forward,6-5,215.0
1213,1629614,Guard-Forward,6-4,191.0
1214,1631097,Guard-Forward,6-5,210.0
1215,1629626,Center-Forward,7-3,220.0
1216,1628435,Center,6-10,210.0
1217,1629731,Forward-Center,6-9,228.0
1218,1629234,Forward-Center,6-10,245.0
1219,1631095,Forward,6-11,220.0
1220,1631367,Guard,5-8,160.0
1221,1631093,Guard,6-3,195.0
1222,1631105,Center,6-10,250.0
1223,1629667,Forward,6-9,190.0
1224,1631114,Guard-Forward,6-5,211.0
1225,1631110,Forward,6-8,230.0
1226,1628975,Guard,6-0,200.0
1227,1629723,Guard,6-5,210.0
1228,1630228,Forward,6-7,225.0
1229,1630631,Guard,6-0,179.0
1230,1630182,Guard,6-3,200.0
1231,1630563,Guard,6-4,189.0
1232,1631303,Forward,6-5,205.0
1233,1631099,Forward,6-8,225.0
1234,1628966,Forward,6-8,229.0
1235,1629663,Forward,6-7,205.0
1236,1629677,Forward,6-10,227.0
1237,1630644,Guard,6-2,185.0
1238,1631103,Forward,6-4,180.0
1239,1631466,Guard,6-5,205.0
1240,1630534,Guard,6-5,215.0
1241,1631094,Forward,6-10,250.0
1242,1629656,Guard,6-4,210.0
1243,1630564,Forward,6-7,269.0
1244,1630583,Forward-Center,7-0,215.0
1245,1631101,Guard,6-5,210.0
1246,1627885,Guard,6-4,195.0
1247,1630219,Guard,6-3,205.0
1248,1631106,Forward,6-8,215.0
1249,1630200,Guard,6-1,185.0
1250,1630530,Forward,6-8,206.0
1251,1631117,Center,7-2,245.0
1252,1641708,Guard-Forward,6-7,200.0
1253,1641709,Guard-Forward,6-7,205.0
1254,1641731,Guard,6-7,195.0
1255,1641764,Guard,6-4,205.0
1256,1641706,Forward,6-6,200.0
1257,1630560,Guard,6-3,210.0
1258,1641717,Guard,6-3,195.0
1259,1631096,Center-Forward,7-1,208.0
1260,1631128,Guard,6-6,220.0
1261,1641726,Center,7-1,230.0
1262,1630700,Guard,6-7,199.0
1263,1641713,Forward,6-9,210.0
1264,1641711,Guard-Forward,6-7,200.0
1265,1629312,Forward,6-5,220.0
1266,1628392,Center-Forward,7-0,250.0
1267,1631133,Forward,6-7,237.0
1268,1631170,Guard,6-6,225.0
1269,1631222,Forward,6-7,235.0
1270,1630552,Forward,6-8,219.0
1271,1641718,Guard,6-4,185.0
1272,1631200,Forward,6-8,218.0
1273,1631109,Center,7-1,240.0
1274,1629675,Center-Forward,6-9,264.0
1275,1630208,Center,6-11,245.0
1276,1630167,Forward,6-9,220.0
1277,1630202,Guard,6-1,195.0
1278,1630573,Forward,6-7,217.0
1279,1630703,Guard,6-3,207.0
1280,1630590,Guard,6-2,170.0
1281,1631323,Forward,6-7,209.0
1282,1641707,Forward,6-9,215.0
1283,1641851,Forward,6-6,210.0
1284,1641787,Forward,6-8,217.0
1285,1641739,Forward,6-7,230.0
1286,1641998,Center,6-10,270.0
1287,1641705,Forward-Center,7-4,235.0
1288,1631246,Guard,6-4,205.0
1289,1631260,Guard,6-4,190.0
1290,1642358,Guard,6-5,160.0
1291,1642259,Center,7-0,205.0
1292,1641710,Guard,6-7,200.0
1293,1630527,Guard,6-6,188.0
1294,1641729,Forward,6-6,235.0
1295,1642267,Guard,6-4,190.0
1296,1642262,Forward,6-8,190.0
1297,1629610,Guard-Forward,6-5,222.0
1298,1641878,Guard,6-4,194.0
1299,1631166,Forward,6-10,235.0
1300,1629048,Center-Forward,6-11,250.0
1301,1627824,Forward,6-7,265.0
1302,1642268,Guard,6-4,210.0
1303,1630198,Guard,6-4,165.0
1304,1642266,Guard,6-4,180.0
1305,1641720,Guard,6-5,210.0
1306,1630592,Forward,6-6,220.0
1307,1642272,Guard,6-3,195.0
1308,1629669,Guard,6-4,201.0
1309,1642377,Forward,6-7,
1310,1642367,Forward,6-9,225.0
1311,1641722,Guard,6-5,190.0
1312,1630577,Forward,6-7,217.0
1313,1631124,Guard,6-6,205.0
1314,1630551,Guard-Forward,6-6,206.0
1315,1642348,Forward,6-7,203.0
1316,1642354,Guard,6-0,189.0
1317,1631232,Forward,6-7,210.0
1318,1642276,Center,7-0,230.0
1319,1631165,Guard,6-4,175.0
1320,1630553,Guard,6-5,185.0
1321,1642271,Center,6-11,250.0
1322,1642273,Forward,6-8,200.0
1323,1630542,Forward,6-6,217.0
1324,1631108,Guard,6-5,190.0
1325,1630540,Guard,6-2,195.0
1326,1630541,Guard,6-5,211.0
1327,1641733,Guard,6-2,185.0
1328,1631107,Forward,6-10,205.0
1329,1641730,Forward-Center,6-10,210.0
1330,1631212,Guard,6-8,200.0
1331,1642264,Guard,6-6,215.0
1332,1642275,Forward,6-8,207.0
1333,1642449,Forward,6-11,
1334,1630570,Guard-Forward,6-8,237.0
1335,1641783,Forward,6-8,217.0
1336,1631213,Forward,6-6,215.0
1337,1630623,Guard,6-0,200.0
1338,1642274,Center,6-11,235.0
1339,1642258,Forward,6-8,200.0
1340,1641744,Center,7-3,305.0
